Transaction Hash,Status,Method,Blockno,DateTime (UTC),From,From_Nametag,To,To_Nametag,Amount,Value (USD),Txn Fee
"0x00083add6604251e8ebbd7c2b3f195617e8a888b1f77e62f65ce9c8f92e52a85","Success","Transfer","46850078","2025-02-21 09:55:54","0x7ccE7880FfE22C628f5986C3A09717938CB69915","","0x71C7656EC7ab88b098defB751B7401B5f6d8976F","BscScan: Donate","0.00303554 BNB","$1.85","0.000021"
"0xc3ccdfe358a7fa03d9f6204cb898e3f36806d02edef04c74a3d59232a604f842","Success","Transfer","46441017","2025-02-07 05:00:45","0xfF45A344D989cE9d6C83BDb8C29f4A0696973c8E","","0x71C7656EC7ab88b098defB751B7401B5f6d8976F","BscScan: Donate","0.000025 BNB","$0.02","0.000021"
"0xa675be6d07a7c7375beee4e6c59db30424b6f05722a6f23291bf8d82b1bc8142","Success","Transfer","45241918","2024-12-27 13:40:54","0x3B3Ca96cBbee12E43C00b6e170D4792344Ea5aCE","","0x71C7656EC7ab88b098defB751B7401B5f6d8976F","BscScan: Donate","0.01 BNB","$6.08","0.000063"
"0x29fb8ec03234cdea1402628dad9135e180c1a0b186e52baf0210988cc2de3fe3","Success","Transfer","44559584","2024-12-03 20:59:38","0x3Ac3102b3Ac12b54B6fac3054044e65D9C058d0B","","0x71C7656EC7ab88b098defB751B7401B5f6d8976F","BscScan: Donate","0.00001778 BNB","$0.01","0.00002142"
"0x37fd4f92b2f2d05ac21dfc616754c00877d45d2bb45ab6d9f0e5b8a40c78732e","Success","Transfer","42792037","2024-10-03 11:45:30","0xad697b3b51a9D381598777c49d9E0D92f51E2C64","","0x71C7656EC7ab88b098defB751B7401B5f6d8976F","BscScan: Donate","0.00347147 BNB","$2.11","0.000021"
"0xa696e446e63ac10a51e6220daa0e48c88fd5242a8eaf5dcffb56d9212d352112","Success","Transfer","42743265","2024-10-01 19:06:49","0xFD397d739588170C21c4Dd88C4cBe34A2d38f789","","0x71C7656EC7ab88b098defB751B7401B5f6d8976F","BscScan: Donate","0.00622621 BNB","$3.79","0.000063"
"0xf02c0d28d6993fb07c0cc520bff3ac7d808f1f0095893b7fff8391a28bb46670","Success","Transfer","42621582","2024-09-27 13:42:18","0xD81111BA6a7B9cC4A9B3E4ab324A3D5E1C31D41a","","0x71C7656EC7ab88b098defB751B7401B5f6d8976F","BscScan: Donate","0.00182532 BNB","$1.11","0.000063"
"0x5733859080dd378572cee172939bb773d0729b1e10fc6a6cb4fbd51beaaca39a","Success","Transfer","40755387","2024-07-24 14:38:51","0x924544F8984d64b6137b1830e18BEC4497c633B3","","0x71C7656EC7ab88b098defB751B7401B5f6d8976F","BscScan: Donate","0.003 BNB","$1.82","0.000084"
"0xbf22db734eece24394ae0f0610b68d8e4a88eb9c7e62c3c96430c8b6f6e0c54a","Success","Transfer","40303155","2024-07-08 20:37:30","0xf7CAaa3EBa38A68400397a66C48530D4b8648fd7","","0x71C7656EC7ab88b098defB751B7401B5f6d8976F","BscScan: Donate","0.0000509 BNB","$0.03","0.000021"
"0x785c2c58ab1307be4da10ed73e16a629eb2947a790af9d18c2239f3973ebe65a","Success","Transfer","40167026","2024-07-04 02:44:14","0xF89dBC97d75Dbd2BB5Bd017526B9c20C95309ED4","","0x71C7656EC7ab88b098defB751B7401B5f6d8976F","BscScan: Donate","0.00114813 BNB","$0.70","0.000021"
"0x2018e669d7a1b0f7d6bc6a374a2651cb8f049c556c314b7c0202ee65f102e594","Success","Transfer","39713638","2024-06-18 07:08:06","0x73F48d9DE33aB85E17c26A9db7aA42ff8DdEe25A","toobit.bnb","0x71C7656EC7ab88b098defB751B7401B5f6d8976F","BscScan: Donate","0.00001 BNB","$0.01","0.000063"
"0x4d968341b3d2114157d980a291b973b047926d1bc624e914998576945c464e28","Success","Transfer","39620704","2024-06-15 01:30:33","0x828D09715F6982c308A032058D2B3A28232774d3","","0x71C7656EC7ab88b098defB751B7401B5f6d8976F","BscScan: Donate","0.01047537 BNB","$6.37","0.000021"
"0x1afa70c172d3081f692e10a34dbd99f5ebe40919540fdf3effd9afcac874ae1d","Success","Transfer","39537412","2024-06-12 03:48:29","0x229bE180bA5F573778E4Ee584565d8C4E726Da10","","0x71C7656EC7ab88b098defB751B7401B5f6d8976F","BscScan: Donate","0.00040176 BNB","$0.24","0.000063"
"0xdff2e52f48e1656e55b67cb21fea8a71420c6cddbfda303a1973af9bb7a51460","Success","Transfer","39133730","2024-05-29 02:20:28","0x4648451b5F87FF8F0F7D622bD40574bb97E25980","","0x71C7656EC7ab88b098defB751B7401B5f6d8976F","BscScan: Donate","0.00144914 BNB","$0.88","0.000084"
"0xcabe8f87e7af0b395388ff41e294e2a61ef1b184724d039d44f89fdf99942121","Success","Transfer","38789197","2024-05-17 02:31:30","0xd1eB8c8A904710E22dEd365381DaB16ba96d8236","","0x71C7656EC7ab88b098defB751B7401B5f6d8976F","BscScan: Donate","0.0006119 BNB","$0.37","0.000021"
"0xbdf24ef78fdb6e5e00d5bf35c8b81a363bdf298e2829c50d708822c5ce7e312f","Success","Transfer","38511033","2024-05-07 10:12:20","0x5c30E1993c1CFd8De53BAEc25e0fBBd7781EFF60","","0x71C7656EC7ab88b098defB751B7401B5f6d8976F","BscScan: Donate","0.00178442 BNB","$1.08","0.000021"
"0x30a20a6d47c344b2cadf8afec6ddbf304b8801c2b65da27bf6ed7f886412bdda","Success","Transfer","38179831","2024-04-25 21:42:10","0x6941B780534dFa3f6b57e2e56E86dd90F8830552","","0x71C7656EC7ab88b098defB751B7401B5f6d8976F","BscScan: Donate","0.00008 BNB","$0.05","0.000021"
"0x469cdf2bd8b389a5b21c59b0cc3af1aec4e1d69d165bb01d4714e93b47984c2f","Success","Transfer","38085726","2024-04-22 15:09:03","0x6233202827ceFbB50e5EE16b035FB3f3CD12D493","","0x71C7656EC7ab88b098defB751B7401B5f6d8976F","BscScan: Donate","0.00948762 BNB","$5.77","0.000063"
"0xfcd410bc888cad4c32a65b8ef5b3de53e224b5a26b2ab7e39ecdc6cc48ae94f4","Success","Transfer","38085640","2024-04-22 15:04:45","0x7D547190E58718caC083B57f38372D9E759E7fC0","","0x71C7656EC7ab88b098defB751B7401B5f6d8976F","BscScan: Donate","0.00294359 BNB","$1.79","0.0000693"
"0x3300eb5962cfb321c2b8ca98c2a9479477ef9bc693f0c9428c34c9fc66fe4061","Success","Transfer","37689222","2024-04-08 20:05:00","0xF3E54927E32d7D3a8a2BF61CB10Eca96cb5F3626","","0x71C7656EC7ab88b098defB751B7401B5f6d8976F","BscScan: Donate","0.00643677 BNB","$3.91","0.000021"
"0x27689150cf2befbdfda41420254a25443c587730f39c1ca7ffc857a6248ebdfd","Success","Transfer","37354082","2024-03-28 04:15:04","0xa16A307996F2800371efAb7782C5315015BEE8Ce","","0x71C7656EC7ab88b098defB751B7401B5f6d8976F","BscScan: Donate","0.05 BNB","$30.40","0.000021"
"0x414109ffa42676ccf6f17b2e37d97682b4554ab897589b9d150cc5402a432130","Success","Transfer","37247904","2024-03-24 11:33:59","0xcA4F582396655c6fac1BFFaC82512478DbF254F8","","0x71C7656EC7ab88b098defB751B7401B5f6d8976F","BscScan: Donate","0.00004488 BNB","$0.03","0.000021"
"0xa4ae48a4781eabc2b39d94216f1d84b097db4311da2c712ba1f56b0d2a81776d","Success","Transfer","37159855","2024-03-21 10:03:55","0x6914C5E80E67b6f1D4b2e3B7Ecc428B98F7EA4fB","","0x71C7656EC7ab88b098defB751B7401B5f6d8976F","BscScan: Donate","0.00000546 BNB","$0.00","0.000021"
"0x418d6114f446265ed7f58aa6e25b0206a8f0b01435f1149d55a50376523dbae3","Success","Transfer","37159831","2024-03-21 10:02:43","0x69149700508fBD3626078BACdd1161d5f1a00BfB","","0x71C7656EC7ab88b098defB751B7401B5f6d8976F","BscScan: Donate","0.00546048 BNB","$3.32","0.000021"
"0x83881da023c4bdd22a1d3a2172a31b1ca3bc8f9f3c58807660b46916e2eea47c","Success","Transfer","37079950","2024-03-18 15:19:10","0xC566e608a37e3C2aCc9Ba8c09E61f5D4a974286B","justhold.bnb","0x71C7656EC7ab88b098defB751B7401B5f6d8976F","BscScan: Donate","0.00006942 BNB","$0.04","0.000063"